,mi,tokens,logprob
mi,0.0,0.3734756028886222,0.35859471595895
tokens,0.6265243971113779,0.0,0.48397207677642606
logprob,0.64140528404105,0.516027923223574,0.0
