Metric,Strength,Normalized_Strength,Log_Strength,SE_Log_Strength,Rank
mi,1.0,0.2239032589487302,0.0,0.0,3.0
tokens,1.6775510696430145,0.3756091515459992,0.5173350333007494,0.2677532034766214,2.0
logprob,1.788663512025857,0.40048758950527064,0.5814686996508697,0.2655616379840826,1.0
