Metric,Strength,Normalized_Strength,Bootstrap_SE,Bootstrap_CI_Lower,Bootstrap_CI_Upper,Log_Strength,Log_Bootstrap_SE,Log_Bootstrap_CI_Lower,Log_Bootstrap_CI_Upper
mi,1.0,0.2239032589487302,0.04036055193218662,0.14685290031009726,0.30274545622851345,0.0,0.0,0.0,0.0
tokens,1.6775510696430145,0.3756091515459992,0.056852826355789206,0.27157569066309956,0.4925333868326911,0.5173350333007494,0.27751965880918184,0.027035115665906134,1.0844440826377515
logprob,1.788663512025857,0.40048758950527064,0.05640645337284972,0.29031403206971934,0.5163666856019653,0.5814686996508697,0.2689487760218162,0.07322222840404308,1.1344699993871277
