metric,normalized_strength,ci_low,ci_high,se
logprob,0.3990656920437894,0.3025601207154645,0.5574265454979042,0.05149015959527299
tokens,0.36440802756774787,0.2618756244414015,0.5250620988722067,0.052538083668782286
mi,0.23652628038846282,0.15859959763506418,0.3636496730099984,0.0401341887615195
