,mi,tokens,logprob
mi,0.0,0.3575456621331237,0.38432833794278765
tokens,0.6424543378668762,0.0,0.5286725316935912
logprob,0.6156716620572124,0.4713274683064088,0.0
